CREATE DATABASE  IF NOT EXISTS `mindblank_db` /*!40100 DEFAULT CHARACTER SET utf8mb4 COLLATE utf8mb4_0900_as_cs */ /*!80016 DEFAULT ENCRYPTION='N' */;
USE `mindblank_db`;
-- MySQL dump 10.13  Distrib 8.0.26, for macos11 (x86_64)
--
-- Host: localhost    Database: mindblank_db
-- ------------------------------------------------------
-- Server version	8.0.26

/*!40101 SET @OLD_CHARACTER_SET_CLIENT=@@CHARACTER_SET_CLIENT */;
/*!40101 SET @OLD_CHARACTER_SET_RESULTS=@@CHARACTER_SET_RESULTS */;
/*!40101 SET @OLD_COLLATION_CONNECTION=@@COLLATION_CONNECTION */;
/*!50503 SET NAMES utf8 */;
/*!40103 SET @OLD_TIME_ZONE=@@TIME_ZONE */;
/*!40103 SET TIME_ZONE='+00:00' */;
/*!40014 SET @OLD_UNIQUE_CHECKS=@@UNIQUE_CHECKS, UNIQUE_CHECKS=0 */;
/*!40014 SET @OLD_FOREIGN_KEY_CHECKS=@@FOREIGN_KEY_CHECKS, FOREIGN_KEY_CHECKS=0 */;
/*!40101 SET @OLD_SQL_MODE=@@SQL_MODE, SQL_MODE='NO_AUTO_VALUE_ON_ZERO' */;
/*!40111 SET @OLD_SQL_NOTES=@@SQL_NOTES, SQL_NOTES=0 */;

--
-- Table structure for table `MEDICATION`
--

DROP TABLE IF EXISTS `MEDICATION`;
/*!40101 SET @saved_cs_client     = @@character_set_client */;
/*!50503 SET character_set_client = utf8mb4 */;
CREATE TABLE `MEDICATION` (
  `tokenString` varchar(8) CHARACTER SET utf8mb4 COLLATE utf8mb4_0900_as_cs NOT NULL,
  `medicineID` int NOT NULL,
  `dosage` int NOT NULL,
  `instructions` varchar(255) CHARACTER SET utf8mb4 COLLATE utf8mb4_0900_as_cs NOT NULL,
  `expiry` varchar(45) CHARACTER SET utf8mb4 COLLATE utf8mb4_0900_as_cs NOT NULL,
  PRIMARY KEY (`tokenString`,`medicineID`),
  KEY `FK_medicineID_idx` (`medicineID`),
  CONSTRAINT `FK_medicineID` FOREIGN KEY (`medicineID`) REFERENCES `MEDICINE` (`medicineID`) ON DELETE CASCADE,
  CONSTRAINT `FK_tokenString` FOREIGN KEY (`tokenString`) REFERENCES `PRESCRIPTION` (`tokenString`) ON DELETE CASCADE
) ENGINE=InnoDB DEFAULT CHARSET=utf8mb4 COLLATE=utf8mb4_0900_as_cs;
/*!40101 SET character_set_client = @saved_cs_client */;

--
-- Dumping data for table `MEDICATION`
--

LOCK TABLES `MEDICATION` WRITE;
/*!40000 ALTER TABLE `MEDICATION` DISABLE KEYS */;
INSERT INTO `MEDICATION` VALUES ('6wxMtCz9',3,1,'1 per night','24/12/21'),('b8CRG8tu',1,2,'2 per day','07/04/2022'),('C5nDjNvC',5,1,'1 per night','24/12/21'),('DKlfp6NH',1,1,'1 per day','07/01/2022'),('DKlfp6NH',8,1,'1 per day','08/01/2022'),('e66DaVYT',5,1,'1 in the morning','03/12/2021'),('evBLHrpi',7,2,'2 after dinner','11/12/2021'),('fWrGQNzs',1,1,'1 per night','04/12/2021'),('fWrGQNzs',7,1,'1 per day','11/12/2021'),('Iw9YUmUK',1,1,'1 per night','27/11/2021'),('JAX2U1rd',2,1,'1 per night','24/12/21'),('JQjJK0Bj',3,2,'2 per night','18/11/2021'),('KTZCle6r',4,1,'1 per night','24/12/21'),('LNQJ4reZ',3,1,'1 per day','08/01/2022'),('M6I6y0UT',1,1,'1 after dinner','28/12/2021'),('M9RWUay7',7,1,'1 per night','24/12/21'),('mbYwz2g4',1,1,'1 per night','08/01/2022'),('mbYwz2g4',4,1,'1 after lunch','15/01/2022'),('MvgFCXGp',5,1,'1 per night','24/12/21'),('nf5r7Yn5',1,1,'1 per day','31/12/2021'),('oMxpFJM6',1,1,'1 per day','24/11/2021'),('pYr4NPUZ',4,1,'1 per night','24/12/21'),('SOMx9F4m',1,1,'1 per day','01/01/2022'),('SOMx9F4m',4,1,'1 pe r day','22/12/2021'),('tlcJ8fH2',3,1,'1 per night','24/12/21'),('TXM44zBw',8,1,'1 per day','05/01/2022'),('u5lGSSwG',1,1,'1 per night','07/01/2022'),('u5lGSSwG',5,1,'1 per day','07/01/2022'),('uQayFAhX',3,1,'1 per day','17/02/2022'),('wRp1U4v3',2,2,'2 per day','16/03/2022'),('Y9fejHT6',3,1,'1 per night','24/12/21'),('YeVUJIk6',1,1,'1 per night','01/01/2022'),('YeVUJIk6',6,2,'2 per day','08/01/2022'),('ZEdsjA1E',6,1,'1 per night','24/12/21'),('ZKiSCUz5',4,2,'2 per day','29/12/2021');
/*!40000 ALTER TABLE `MEDICATION` ENABLE KEYS */;
UNLOCK TABLES;

--
-- Table structure for table `MEDICINE`
--

DROP TABLE IF EXISTS `MEDICINE`;
/*!40101 SET @saved_cs_client     = @@character_set_client */;
/*!50503 SET character_set_client = utf8mb4 */;
CREATE TABLE `MEDICINE` (
  `medicineID` int NOT NULL AUTO_INCREMENT,
  `name` varchar(45) COLLATE utf8mb4_0900_as_cs NOT NULL,
  PRIMARY KEY (`medicineID`),
  UNIQUE KEY `medicineID_UNIQUE` (`medicineID`),
  UNIQUE KEY `name_UNIQUE` (`name`)
) ENGINE=InnoDB AUTO_INCREMENT=18 DEFAULT CHARSET=utf8mb4 COLLATE=utf8mb4_0900_as_cs;
/*!40101 SET character_set_client = @saved_cs_client */;

--
-- Dumping data for table `MEDICINE`
--

LOCK TABLES `MEDICINE` WRITE;
/*!40000 ALTER TABLE `MEDICINE` DISABLE KEYS */;
INSERT INTO `MEDICINE` VALUES (5,'Albuterol'),(2,'Atorvastatin'),(1,'Insulin'),(3,'Levothyroxine'),(8,'Lipitor'),(4,'Lisinopril'),(7,'Losartan'),(6,'Metformin');
/*!40000 ALTER TABLE `MEDICINE` ENABLE KEYS */;
UNLOCK TABLES;

--
-- Table structure for table `PRESCRIPTION`
--

DROP TABLE IF EXISTS `PRESCRIPTION`;
/*!40101 SET @saved_cs_client     = @@character_set_client */;
/*!50503 SET character_set_client = utf8mb4 */;
CREATE TABLE `PRESCRIPTION` (
  `tokenString` varchar(8) CHARACTER SET utf8mb4 COLLATE utf8mb4_0900_as_cs NOT NULL,
  `NRIC` varchar(9) CHARACTER SET utf8mb4 COLLATE utf8mb4_0900_as_cs NOT NULL,
  `date` varchar(45) CHARACTER SET utf8mb4 COLLATE utf8mb4_0900_as_cs NOT NULL,
  `collectedStatus` tinyint NOT NULL,
  PRIMARY KEY (`tokenString`),
  UNIQUE KEY `tokenString_UNIQUE` (`tokenString`),
  KEY `FK_NRIC_idx` (`NRIC`),
  CONSTRAINT `FK_NRIC` FOREIGN KEY (`NRIC`) REFERENCES `USER` (`NRIC`)
) ENGINE=InnoDB DEFAULT CHARSET=utf8mb4 COLLATE=utf8mb4_0900_as_cs;
/*!40101 SET character_set_client = @saved_cs_client */;

--
-- Dumping data for table `PRESCRIPTION`
--

LOCK TABLES `PRESCRIPTION` WRITE;
/*!40000 ALTER TABLE `PRESCRIPTION` DISABLE KEYS */;
INSERT INTO `PRESCRIPTION` VALUES ('02IyuVBV','S9218966S','04/11/2021',0),('0htUTY5B','S2733722G','02/12/2021',0),('0PhqxTVG','S8677011Q','24/10/2021',0),('0w7T9D9Y','S9581614M','03/12/2021',0),('0wQWzZYQ','S2745050T','12/12/2021',0),('13DR44vG','S4657617K','11/11/2021',0),('1CkfB6Gq','S2733722G','02/12/2021',0),('1HgfUyIi','S6934627S','24/12/2021',0),('1RVFEvNa','S2733722G','02/12/2021',0),('1utKLVdw','S2733722G','02/12/2021',0),('5D017AAd','S6147563W','12/12/2021',0),('6wxMtCz9','S2733722G','02/12/2021',1),('72i4R4Bn','S4657617K','11/11/2021',0),('73RsFM1w','S7333321S','09/11/2021',0),('7CH9vHU1','S6147563W','12/12/2021',0),('8ScxEuGy','S2733722G','02/12/2021',0),('96ikjL1c','S6147563W','12/12/2021',0),('A3JYdEpL','S9581614M','03/12/2021',0),('anhFjXti','S4657617K','11/11/2021',0),('aRD91DFG','S6147563W','12/12/2021',0),('AxBId2ZR','S4657617K','11/11/2021',0),('aXUALgIw','S7702274G','01/11/2021',0),('b0Dtcbwo','S7333321S','09/11/2021',0),('b3EnhLob','S8677011Q','24/10/2021',0),('b8CRG8tu','S4657617K','02/03/2022',0),('BrqLHwzO','S4657617K','11/11/2021',0),('C5nDjNvC','S2733722G','02/12/2021',0),('c6XhiRhL','S6934627S','24/12/2021',0),('C9bGwq1P','S7333321S','09/11/2021',0),('CTd5YdGs','S8677011Q','24/10/2021',0),('cv1qJIFN','S9581614M','03/12/2021',0),('DDzHc4Uz','S2733722G','02/12/2021',0),('DKlfp6NH','S2733722G','01/01/2022',0),('dty9Ia1j','S9218966S','04/11/2021',0),('e66DaVYT','S2733722G','08/01/2022',0),('eG3i2N7b','S2745050T','12/12/2021',0),('eGrk9uUr','S7702274G','01/11/2021',0),('ELKfcSG3','S2745050T','12/12/2021',0),('evBLHrpi','S2733722G','29/12/2021',1),('f73aPcc8','S7702274G','01/11/2021',0),('fsWJ32wd','S9581614M','03/12/2021',0),('fWrGQNzs','S2733722G','01/12/2021',0),('GeCLYcQL','S7702274G','01/11/2021',0),('GLb4zTM3','S7702274G','01/11/2021',0),('hPriS7a2','S9218966S','04/11/2021',0),('hSRVw1zW','S2745050T','12/12/2021',0),('I01h3WFR','S7333321S','09/11/2021',0),('I2k8AE2t','S4657617K','11/11/2021',0),('I88uW08I','S4657617K','11/11/2021',0),('iLWd46j7','S2733722G','02/12/2021',0),('iqt3TVr2','S6147563W','12/12/2021',0),('Iw9YUmUK','S4657617K','17/02/2022',0),('Iz02aLwG','S9581614M','03/12/2021',0),('JAX2U1rd','S2733722G','02/12/2021',0),('JkJcm3Te','S9218966S','04/11/2021',0),('Jm06bUli','S6934627S','24/12/2021',0),('JQjJK0Bj','S2733722G','02/12/2021',0),('KPaExhE2','S2733722G','02/12/2021',0),('KPnGzei3','S9218966S','04/11/2021',0),('KTZCle6r','S2745050T','12/12/2021',0),('KWQmVPaT','S2745050T','12/12/2021',0),('lhN7WZox','S9218966S','04/11/2021',0),('LLc1zCKT','S9581614M','03/12/2021',0),('lliV8q0w','S9218966S','04/11/2021',0),('lllt8XFN','S6934627S','24/12/2021',0),('LNQJ4reZ','S2745050T','31/12/2021',0),('lz1dcOcr','S2733722G','02/12/2021',0),('M6I6y0UT','S2733722G','07/01/2022',0),('M9RWUay7','S2745050T','12/12/2021',0),('mbYwz2g4','S2733722G','01/01/2022',0),('MDC1l4Yo','S6147563W','12/12/2021',0),('mehm1bjk','S7333321S','09/11/2021',0),('MM3NmjVR','S6934627S','24/12/2021',0),('MvgFCXGp','S2745050T','12/12/2021',0),('N49rG4a0','S8677011Q','24/10/2021',0),('NCQxwOfe','S7702274G','01/11/2021',0),('nf5r7Yn5','S2733722G','31/12/2021',0),('NGX7fi9m','S8677011Q','24/10/2021',0),('o2RN7o2b','S9581614M','03/12/2021',0),('OFxkUB2T','S7333321S','09/11/2021',0),('oMxpFJM6','S2745050T','17/11/2021',0),('OSXQAAgU','S8677011Q','24/10/2021',0),('Oy5rCIEv','S9581614M','03/12/2021',0),('PCsyHkgm','S4657617K','11/11/2021',0),('PhIYXjWZ','S6147563W','12/12/2021',0),('pr63rg0R','S2745050T','12/12/2021',0),('ptiyPEJt','S2745050T','12/12/2021',0),('pYr4NPUZ','S2745050T','12/12/2021',0),('QgRbATsN','S6147563W','12/12/2021',0),('qO0FCMsK','S9218966S','04/11/2021',0),('QZbXRqLU','S7333321S','09/11/2021',0),('RIccPbC5','S8677011Q','24/10/2021',0),('rJgqHiCb','S8677011Q','24/10/2021',0),('rnozLcDw','S2745050T','12/12/2021',0),('SOMx9F4m','S2733722G','01/12/2021',0),('SQuw5TVR','S6934627S','24/12/2021',0),('sr3fVSxD','S7333321S','09/11/2021',0),('SzpSlyTe','S7702274G','01/11/2021',0),('tBednvnx','S7702274G','01/11/2021',0),('TdeYQstc','S7702274G','01/11/2021',0),('tJhFMMbH','S9581614M','03/12/2021',0),('tlcJ8fH2','S2745050T','12/12/2021',0),('TnWvfNcG','S2745050T','12/12/2021',0),('TXM44zBw','S2745050T','06/01/2022',0),('u1ZxR6nb','S2745050T','12/12/2021',0),('u5lGSSwG','S2733722G','31/12/2021',0),('uBBWkIcP','S4657617K','11/11/2021',0),('uNfzE2MS','S8677011Q','24/10/2021',0),('uQayFAhX','S2745050T','31/01/2022',0),('ux9KFYNN','S6934627S','24/12/2021',0),('V1uleCBb','S9218966S','04/11/2021',0),('VGGAgY2e','S6934627S','24/12/2021',0),('VnL45Nsc','S9581614M','03/12/2021',0),('vRiWAAu8','S7333321S','09/11/2021',0),('vwpUFFIk','S6147563W','12/12/2021',0),('WglXeOhf','S2733722G','02/12/2021',0),('WQM1Y7lG','S6934627S','24/12/2021',0),('wRp1U4v3','S4657617K','02/02/2022',0),('XaEkOXaY','S7333321S','09/11/2021',0),('XedHaMHK','S7702274G','01/11/2021',0),('xKjxZLF4','S6934627S','24/12/2021',0),('xpo2oyhl','S4657617K','11/11/2021',0),('xQXwIKaa','S8677011Q','24/10/2021',0),('Y9fejHT6','S2733722G','02/12/2021',1),('YeVUJIk6','S2733722G','01/12/2021',0),('ZEdsjA1E','S2733722G','02/12/2021',0),('ZIYLOuJy','S6147563W','12/12/2021',0),('ZKiSCUz5','S2733722G','22/12/2021',1),('Zuy70rVh','S9218966S','04/11/2021',0);
/*!40000 ALTER TABLE `PRESCRIPTION` ENABLE KEYS */;
UNLOCK TABLES;

--
-- Table structure for table `USER`
--

DROP TABLE IF EXISTS `USER`;
/*!40101 SET @saved_cs_client     = @@character_set_client */;
/*!50503 SET character_set_client = utf8mb4 */;
CREATE TABLE `USER` (
  `NRIC` varchar(9) COLLATE utf8mb4_0900_as_cs NOT NULL,
  `pass` varchar(45) COLLATE utf8mb4_0900_as_cs NOT NULL,
  `name` varchar(25) COLLATE utf8mb4_0900_as_cs NOT NULL,
  `email` varchar(45) COLLATE utf8mb4_0900_as_cs NOT NULL,
  `phoneNum` varchar(45) COLLATE utf8mb4_0900_as_cs NOT NULL,
  `address` varchar(45) COLLATE utf8mb4_0900_as_cs NOT NULL,
  `type` enum('PATIENT','DOCTOR','PHARMACIST','ADMIN') COLLATE utf8mb4_0900_as_cs NOT NULL,
  PRIMARY KEY (`NRIC`),
  UNIQUE KEY `NRIC_UNIQUE` (`NRIC`),
  UNIQUE KEY `email_UNIQUE` (`email`),
  UNIQUE KEY `name_UNIQUE` (`name`),
  UNIQUE KEY `phoneNum_UNIQUE` (`phoneNum`)
) ENGINE=InnoDB DEFAULT CHARSET=utf8mb4 COLLATE=utf8mb4_0900_as_cs;
/*!40101 SET character_set_client = @saved_cs_client */;

--
-- Dumping data for table `USER`
--

LOCK TABLES `USER` WRITE;
/*!40000 ALTER TABLE `USER` DISABLE KEYS */;
INSERT INTO `USER` VALUES ('S0000000A','pass001','Bob Joe','bob.joe@gmail.com','12341234','Street 4','PATIENT'),('S0196468Z','pass001','Mario Tian','Mario.T001@gmail.com','12412235','Street OSF, Unit 55','PHARMACIST'),('S0291191L','pass001','John Roy','John.Roy46@gmail.com','54176976','Street UFG, Unit 56','PHARMACIST'),('S0390195V','pass001','Jeff Salah','Jeff.Salah40@gmail.com','62030143','Street BIM, Unit 36','PHARMACIST'),('S0575556T','pass001','Richard Ansari','Richard.Ansari86@gmail.com','36926982','Street NQF, Unit 40','PHARMACIST'),('S0600474Z','pass001','Jennifer Chen','Jennifer.Chen99@gmail.com','71138867','Street MVM, Unit 94','PHARMACIST'),('S0601697A','pass001','Karen Chen','Karen.Chen02@gmail.com','73690516','Street GNZ, Unit 24','PHARMACIST'),('S0629464G','pass001','Luigi Shang','Luigi.Shang69@gmail.com','01197825','Street FYH, Unit 88','PHARMACIST'),('S0632741V','pass001','Albert Ng','Albert.Ng99@gmail.com','54270389','Street QBR, Unit 68','PHARMACIST'),('S0703169M','pass001','Juan Chen','Juan.Chen60@gmail.com','15420682','Street TGU, Unit 00','PHARMACIST'),('S0703823M','pass001','Matthew Kante','Matthew.Kante31@gmail.com','80615402','Street APK, Unit 38','PHARMACIST'),('S0724280M','pass001','Thomas Castro','Thomas.Castro99@gmail.com','81292551','Street HOP, Unit 21','PHARMACIST'),('S0766788I','pass001','Grace Usman','Grace.Usman72@gmail.com','74770230','Street BGP, Unit 82','DOCTOR'),('S0815345F','pass001','Alexis Saleh','Alexis.Saleh00@gmail.com','65975086','Street GGM, Unit 34','PHARMACIST'),('S0892175T','pass001','Jacob Wang','Jacob.Wang60@gmail.com','92615825','Street IVF, Unit 79','PHARMACIST'),('S1038321Q','pass001','Alexis Roy','Alexis.Roy33@gmail.com','06490097','Street NIL, Unit 75','PHARMACIST'),('S1048195M','pass001','Grace Salah','Grace.Salah06@gmail.com','11398434','Street LFQ, Unit 28','PHARMACIST'),('S1156703L','pass001','Jessica Niijima','Jessica.Niijima59@gmail.com','58313193','Street NAW, Unit 70','PHARMACIST'),('S1231234A','pass001','Joe Dylan','joe.d@email.com','23121285','Street 2','PATIENT'),('S1398015S','pass001','Sarah Havertz','Sarah.Havertz23@gmail.com','21466582','Street UJC, Unit 11','PHARMACIST'),('S1447329W','pass001','Karen Dong','Karen.Dong76@gmail.com','88976371','Street OPP, Unit 61','PHARMACIST'),('S1561495M','pass001','Bill Musa','Bill.Musa15@gmail.com','69956982','Street KLG, Unit 47','PHARMACIST'),('S1619554N','pass001','Matthew Clark','Matthew.Clark87@gmail.com','31184704','Street OFG, Unit 37','PHARMACIST'),('S1721299W','pass001','Bob Martin','Bob.Martin72@gmail.com','73110717','Street JPF, Unit 93','PHARMACIST'),('S1740374E','pass001','James Smith','James.Smith37@gmail.com','21137931','Street DZC, Unit 77','PHARMACIST'),('S1757544M','pass001','Elizabeth Willems','Elizabeth.Willems51@gmail.com','66481546','Street KBM, Unit 94','PHARMACIST'),('S1844643A','pass001','Christian Shang','Christian.Shang28@gmail.com','75221880','Street GYE, Unit 90','PHARMACIST'),('S1874081U','pass001','Julia Yang','Julia.Yang54@gmail.com','11605938','Street TBU, Unit 34','PHARMACIST'),('S2095033V','pass001','Alexis Iqbal','Alexis.Iqbal78@gmail.com','05009205','Street WIJ, Unit 32','ADMIN'),('S2113897C','pass001','Mike Liu','Mike.Liu48@gmail.com','40417494','Street ZFB, Unit 82','PHARMACIST'),('S2150318G','pass001','Jennifer Clark','Jennifer.Clark72@gmail.com','00686175','Street ANJ, Unit 72','ADMIN'),('S2168056M','pass001','Matthew Amamiya','Matthew.Amamiya47@gmail.com','85206157','Street UEE, Unit 62','ADMIN'),('S2168129M','pass001','Robert Guzman','Robert.Guzman22@gmail.com','23866098','Street SRV, Unit 83','ADMIN'),('S2173921W','pass001','Julia Morales','Julia.Morales78@gmail.com','89096977','Street BVS, Unit 93','PHARMACIST'),('S2240560Z','pass001','Joe Castro','Joe.Castro39@gmail.com','54064011','Street IIW, Unit 74','PHARMACIST'),('S2369483N','pass001','Flash Williams','Flash.Williams09@gmail.com','65381149','Street XIZ, Unit 84','PHARMACIST'),('S2397330U','pass001','Elizabeth Yoshizawa','Elizabeth.Yoshizawa77@gmail.com','82006740','Street ANQ, Unit 03','PHARMACIST'),('S2405769G','pass001','Terry Satoshi','Terry.Satoshi18@gmail.com','35484488','Street XXX, Unit 84','PHARMACIST'),('S2456876Z','pass001','Elijah Morales','Elijah.Morales52@gmail.com','41174122','Street WGB, Unit 80','PHARMACIST'),('S2503143G','pass001','Julie Satoshi','Julie.Satoshi85@gmail.com','24071640','Street IWM, Unit 54','DOCTOR'),('S2534837M','pass001','Mario Li','Mario.Li30@gmail.com','06229952','Street ZIX, Unit 15','PHARMACIST'),('S2580532T','pass001','Roger Kazuma','Roger.Kazuma71@gmail.com','23263907','Street EDM, Unit 15','DOCTOR'),('S2605396N','pass001','Bruce Li','Bruce.Li56@gmail.com','98098732','Street PMV, Unit 76','DOCTOR'),('S2613143W','pass001','Bill Tian','Bill.Tian64@gmail.com','34468288','Street TGT, Unit 67','DOCTOR'),('S2662440L','pass001','Bryce Jones','Bryce.Jones18@gmail.com','03178295','Street RVF, Unit 95','DOCTOR'),('S2680219D','pass001','Joe Iqbal','Joe.Iqbal94@gmail.com','64925762','Street ZAW, Unit 72','PHARMACIST'),('S2733722G','pass001','Matthew Kazuma','Matthew.Kazuma96@gmail.com','57079534','Street JAX, Unit 83','PATIENT'),('S2745050T','pass001','Julia Dong','Julia.Dong37@gmail.com','34946863','Street FBU, Unit 97','PATIENT'),('S2765608T','pass001','Christian Dong','Christian.Dong24@gmail.com','84025719','Street WRM, Unit 50','DOCTOR'),('S2819797A','pass001','Bill Yao','Bill.Yao13@gmail.com','02889576','Street ZCX, Unit 06','ADMIN'),('S2825176C','pass001','Christian Clark','Christian.Clark39@gmail.com','67552279','Street WHR, Unit 33','DOCTOR'),('S2862175E','pass001','John Cho','John.Cho47@gmail.com','72886555','Street PZZ, Unit 43','ADMIN'),('S2898682N','pass001','Elijah Johnson','Elijah.Johnson14@gmail.com','66937325','Street QCO, Unit 98','DOCTOR'),('S2939587R','pass001','Laura Santos','Laura.Santos53@gmail.com','90591054','Street LAN, Unit 34','DOCTOR'),('S2946230P','pass001','James Yoshizawa','James.Yoshizawa81@gmail.com','38992332','Street BAR, Unit 36','PHARMACIST'),('S2986872C','pass001','Elizabeth Salah','Elizabeth.Salah53@gmail.com','01704030','Street RIE, Unit 68','PHARMACIST'),('S3030026Q','pass001','Julie Yang','Julie.Yang18@gmail.com','63594633','Street GOA, Unit 34','PATIENT'),('S3038368R','pass001','Andy Liu','Andy.Liu55@gmail.com','11517455','Street MJN, Unit 85','PATIENT'),('S3051641Q','pass001','Kayla Yi','Kayla.Yi29@gmail.com','38174678','Street NBO, Unit 52','DOCTOR'),('S3067493S','pass001','Elijah Silva','Elijah.Silva01@gmail.com','20618388','Street FJS, Unit 25','DOCTOR'),('S3069482D','pass001','Jason Tian','Jason.Tian30@gmail.com','21096880','Street WKW, Unit 35','ADMIN'),('S3112138Q','pass001','James White','James.White28@gmail.com','48714832','Street USV, Unit 26','PHARMACIST'),('S3143219H','pass001','Roger Amamiya','Roger.Amamiya57@gmail.com','30869774','Street IFD, Unit 30','PATIENT'),('S3149010F','pass001','Bryan Kazuma','Bryan.Kazuma10@gmail.com','92680017','Street VYP, Unit 24','ADMIN'),('S3170003E','pass001','John Musa','John.Musa41@gmail.com','81165662','Street MKQ, Unit 72','DOCTOR'),('S3189386R','pass001','Julie Johnson','Julie.Johnson17@gmail.com','16581503','Street MCG, Unit 49','DOCTOR'),('S3210104Q','pass001','Julia Amamiya','Julia.Amamiya02@gmail.com','64203380','Street ZQR, Unit 75','ADMIN'),('S3276704Q','pass001','Terry Musa','Terry.Musa06@gmail.com','84002732','Street HBX, Unit 08','PHARMACIST'),('S3297861O','pass001','Robert Yoshizawa','Robert.Yoshizawa39@gmail.com','98436521','Street TPE, Unit 10','ADMIN'),('S3303174N','pass001','Michael Jones','Michael.Jones56@gmail.com','28535258','Street ZMV, Unit 54','PHARMACIST'),('S3360639B','pass001','Karen Kante','Karen.Kante91@gmail.com','75473608','Street MSN, Unit 19','PATIENT'),('S3390470T','pass001','Bill Kante','Bill.Kante28@gmail.com','27955896','Street LGB, Unit 11','ADMIN'),('S3418913P','pass001','Mario Guzman','Mario.Guzman27@gmail.com','01566448','Street DOE, Unit 03','PATIENT'),('S3422135L','pass001','Barry Williams','Barry.Williams33@gmail.com','56385417','Street XHI, Unit 23','PHARMACIST'),('S3439906Y','pass001','Luigi Saleh','Luigi.Saleh86@gmail.com','65741788','Street YZA, Unit 32','ADMIN'),('S3494150S','pass001','Luigi Salah','Luigi.Salah48@gmail.com','61798797','Street TUC, Unit 17','DOCTOR'),('S3510243K','pass001','Mary Iqbal','Mary.Iqbal51@gmail.com','35855773','Street QMF, Unit 23','DOCTOR'),('S3514035W','pass001','Julia Salah','Julia.Salah73@gmail.com','35340906','Street DOR, Unit 31','PATIENT'),('S3540686J','pass001','Bill Jones','Bill.Jones12@gmail.com','39219530','Street QML, Unit 53','PATIENT'),('S3579169P','pass001','Juan Kazuma','Juan.Kazuma47@gmail.com','89306938','Street MVJ, Unit 64','PHARMACIST'),('S3592604Y','pass001','Christian Yang','Christian.Yang93@gmail.com','22064018','Street SGV, Unit 78','PATIENT'),('S3614592D','pass001','Barry Ren','Barry.Ren42@gmail.com','60324711','Street FGE, Unit 57','DOCTOR'),('S3630531G','pass001','Jessica Chen','Jessica.Chen60@gmail.com','38918280','Street YEM, Unit 47','PHARMACIST'),('S3643498D','pass001','Joe Silva','Joe.Silva09@gmail.com','06929886','Street ROE, Unit 25','DOCTOR'),('S3660503Z','pass001','Grace Wang','Grace.Wang17@gmail.com','47596326','Street LFW, Unit 83','PATIENT'),('S3741309F','pass001','Jeff Willems','Jeff.Willems97@gmail.com','11965384','Street VZL, Unit 66','ADMIN'),('S3774145C','pass001','Rebecca Johnson','Rebecca.Johnson63@gmail.com','19356745','Street APZ, Unit 17','PATIENT'),('S3778044F','pass001','Rebecca Ren','Rebecca.Ren06@gmail.com','37944905','Street RJJ, Unit 67','DOCTOR'),('S3805997V','pass001','Thomas Ng','Thomas.Ng02@gmail.com','32605227','Street PYF, Unit 71','DOCTOR'),('S3814650J','pass001','Johnny Roy','Johnny.Roy52@gmail.com','24437200','Street ROD, Unit 74','PATIENT'),('S3825911L','pass001','Mike Silva','Mike.Silva71@gmail.com','69944681','Street OXU, Unit 01','ADMIN'),('S3832105T','pass001','Rebecca Sakamoto','Rebecca.Sakamoto02@gmail.com','32173995','Street DVZ, Unit 84','DOCTOR'),('S3843976D','pass001','John Chen','John.Chen03@gmail.com','72366364','Street JPQ, Unit 06','ADMIN'),('S3875315B','pass001','Jennifer Lee','Jennifer.Lee02@gmail.com','37574638','Street XDO, Unit 79','PATIENT'),('S3884385T','pass001','Rebecca Yoshizawa','Rebecca.Yoshizawa76@gmail.com','24515875','Street GDF, Unit 83','DOCTOR'),('S3896698I','pass001','Richard Johnson','Richard.Johnson42@gmail.com','62810615','Street GVC, Unit 82','ADMIN'),('S3920590Y','pass001','Bryce Willems','Bryce.Willems35@gmail.com','93837267','Street NCR, Unit 98','DOCTOR'),('S3944501W','pass001','Julia Guzman','Julia.Guzman48@gmail.com','39251783','Street NRK, Unit 17','ADMIN'),('S4001031K','pass001','Jacob Martin','Jacob.Martin22@gmail.com','70710236','Street ZCL, Unit 56','PATIENT'),('S4001250M','pass001','Julia Qi','Julia.Qi70@gmail.com','62157068','Street EST, Unit 30','PATIENT'),('S4024742N','pass001','Jessica Williams','Jessica.Williams49@gmail.com','97574254','Street FIZ, Unit 36','PATIENT'),('S4037116S','pass001','Ron Musa','Ron.Musa70@gmail.com','45550378','Street VUG, Unit 09','DOCTOR'),('S4067024R','pass001','Lawrence Shang','Lawrence.Shang69@gmail.com','10635442','Street KHF, Unit 66','DOCTOR'),('S4132937J','pass001','Roger Kazuya','Roger.Kazuya94@gmail.com','32996988','Street FJJ, Unit 24','DOCTOR'),('S4147253K','pass001','Robert Martin','Robert.Martin76@gmail.com','44682117','Street JLF, Unit 80','ADMIN'),('S4165309O','pass001','Bill Dong','Bill.Dong49@gmail.com','82071018','Street KAC, Unit 27','PATIENT'),('S4176249Q','pass001','Roger Guzman','Roger.Guzman05@gmail.com','87073831','Street EFP, Unit 52','PATIENT'),('S4208782D','pass001','Susan Wang','Susan.Wang88@gmail.com','61379204','Street OWO, Unit 84','ADMIN'),('S4272708Y','pass001','Alexis Ren','Alexis.Ren63@gmail.com','06239167','Street ZLS, Unit 12','ADMIN'),('S4282059E','pass001','Julia Iqbal','Julia.Iqbal36@gmail.com','45483203','Street CHN, Unit 83','PHARMACIST'),('S4290016M','pass001','Ryan Morales','Ryan.Morales52@gmail.com','66096799','Street YJH, Unit 10','ADMIN'),('S4306324G','pass001','Christian Iqbal','Christian.Iqbal72@gmail.com','80957409','Street CQE, Unit 04','ADMIN'),('S4317116S','pass001','Bryce Roy','Bryce.Roy21@gmail.com','23791379','Street GTM, Unit 22','PHARMACIST'),('S4342787F','pass001','Hugo Clark','Hugo.Clark07@gmail.com','81039486','Street KEN, Unit 10','PATIENT'),('S4363068A','pass001','Grace Yang','Grace.Yang49@gmail.com','72547634','Street WYS, Unit 81','ADMIN'),('S4370399Z','pass001','Ron Niijima','Ron.Niijima65@gmail.com','65801915','Street RHX, Unit 39','PATIENT'),('S4401563N','pass001','Laura Martin','Laura.Martin83@gmail.com','17933856','Street JFC, Unit 15','PATIENT'),('S4418920T','pass001','Mike Chen','Mike.Chen01@gmail.com','78880857','Street GFC, Unit 45','PATIENT'),('S4419145B','pass001','Elizabeth Yi','Elizabeth.Yi71@gmail.com','25006198','Street DIM, Unit 69','PATIENT'),('S4444489Z','pass001','Michael Ren','Michael.Ren59@gmail.com','94337756','Street GFC, Unit 11','ADMIN'),('S4455947O','pass001','Alexis Cho','Alexis.Cho28@gmail.com','89459592','Street UAQ, Unit 72','ADMIN'),('S4472142N','pass001','Jennifer Guzman','Jennifer.Guzman43@gmail.com','16631530','Street EZX, Unit 48','PATIENT'),('S4480662G','pass001','Robert Shang','Robert.Shang40@gmail.com','87200148','Street IOS, Unit 86','PHARMACIST'),('S4486430O','pass001','Carl Yi','Carl.Yi74@gmail.com','76953942','Street PPQ, Unit 74','ADMIN'),('S4491720E','pass001','Robert Musa','Robert.Musa04@gmail.com','61882975','Street SUX, Unit 06','PHARMACIST'),('S4499510E','pass001','Richard Liu','Richard.Liu26@gmail.com','59361842','Street TQK, Unit 65','PATIENT'),('S4541626T','pass001','Susan Jones','Susan.Jones88@gmail.com','97153769','Street VRB, Unit 06','ADMIN'),('S4615405S','pass001','Susan Salah','Susan.Salah13@gmail.com','26108556','Street QQK, Unit 76','PATIENT'),('S4624981A','pass001','Andy Kazuya','Andy.Kazuya09@gmail.com','44662945','Street VCB, Unit 45','DOCTOR'),('S4643752O','pass001','Elijah Jones','Elijah.Jones56@gmail.com','32766097','Street RNN, Unit 77','DOCTOR'),('S4657617K','pass001','Bob Johnson','Bob.Johnson00@gmail.com','91853799','Street DNM, Unit 81','PATIENT'),('S4660770C','pass001','Karen Yoshizawa','Karen.Yoshizawa56@gmail.com','07600705','Street HXC, Unit 06','DOCTOR'),('S4662040E','pass001','Hugo Chen','Hugo.Chen17@gmail.com','15310445','Street JJF, Unit 74','ADMIN'),('S4688879T','pass001','Bryce Martin','Bryce.Martin34@gmail.com','37570501','Street VSQ, Unit 50','ADMIN'),('S4696891W','pass001','John Joseph','John.Joseph36@gmail.com','82371801','Street STJ, Unit 42','PHARMACIST'),('S4711973T','pass001','Adam Yang','Adam.Yang57@gmail.com','01340962','Street JYE, Unit 15','ADMIN'),('S4753957H','pass001','Jason Li','Jason.Li09@gmail.com','21916868','Street IET, Unit 71','DOCTOR'),('S4824519P','pass001','Elizabeth Saleh','Elizabeth.Saleh00@gmail.com','38570599','Street YDB, Unit 12','PATIENT'),('S4826766O','pass001','Elijah Santos','Elijah.Santos08@gmail.com','82852137','Street NGE, Unit 07','DOCTOR'),('S4840260O','pass001','Joe Takamaki','Joe.Takamaki68@gmail.com','53398681','Street BXA, Unit 84','PATIENT'),('S4843529U','pass001','Bryan Williams','Bryan.Williams90@gmail.com','81007625','Street CYP, Unit 06','DOCTOR'),('S4851471P','pass001','Jason Wang','Jason.Wang70@gmail.com','60373977','Street TLP, Unit 85','PATIENT'),('S4858921V','pass001','Grace Amamiya','Grace.Amamiya34@gmail.com','52782536','Street WAT, Unit 82','PATIENT'),('S4912299C','pass001','Elijah Saleh','Elijah.Saleh19@gmail.com','84717001','Street DRC, Unit 89','PATIENT'),('S4923430C','pass001','Bruce Yoshizawa','Bruce.Yoshizawa35@gmail.com','98780177','Street WUC, Unit 14','ADMIN'),('S4974759Y','pass001','Richard Castro','Richard.Castro39@gmail.com','82966002','Street DRW, Unit 79','PATIENT'),('S4975446M','pass001','Bob Yang','Bob.Yang73@gmail.com','21962742','Street JBI, Unit 09','PATIENT'),('S5013765V','pass001','Joe Ren','Joe.Ren78@gmail.com','88306480','Street DTE, Unit 80','ADMIN'),('S5084864F','pass001','Mary Omar','Mary.Omar79@gmail.com','69518056','Street SJC, Unit 15','PATIENT'),('S5110558Y','pass001','Jason Salah','Jason.Salah42@gmail.com','38712526','Street ZSS, Unit 86','ADMIN'),('S5126212A','pass001','Adam Sakamoto','Adam.Sakamoto36@gmail.com','37538022','Street HUW, Unit 11','DOCTOR'),('S5127548E','pass001','John Niijima','John.Niijima09@gmail.com','55933904','Street GND, Unit 37','PHARMACIST'),('S5130370V','pass001','Roger Jones','Roger.Jones03@gmail.com','70133240','Street TQC, Unit 09','PATIENT'),('S5194956Q','pass001','Lawrence Joseph','Lawrence.Joseph02@gmail.com','03274938','Street RPE, Unit 92','PATIENT'),('S5206936O','pass001','Sarah Takamaki','Sarah.Takamaki04@gmail.com','40173854','Street UAC, Unit 38','PATIENT'),('S5214564S','pass001','Thomas Joseph','Thomas.Joseph02@gmail.com','09607813','Street HDB, Unit 09','ADMIN'),('S5220056Z','pass001','Roger Iqbal','Roger.Iqbal85@gmail.com','40095575','Street AMI, Unit 77','ADMIN'),('S5240487H','pass001','James Dong','James.Dong27@gmail.com','88882646','Street PGG, Unit 36','PATIENT'),('S5255716S','pass001','Bruce Dong','Bruce.Dong13@gmail.com','82236471','Street MUL, Unit 08','PATIENT'),('S5268893O','pass001','Terry Yi','Terry.Yi94@gmail.com','10586050','Street LUK, Unit 28','DOCTOR'),('S5280110J','pass001','Bruce Roy','Bruce.Roy58@gmail.com','74879826','Street WGN, Unit 46','ADMIN'),('S5284785S','pass001','Bryan Niijima','Bryan.Niijima26@gmail.com','58338987','Street HQO, Unit 46','PATIENT'),('S5319927L','pass001','Ron Cho','Ron.Cho32@gmail.com','82295630','Street PCX, Unit 61','DOCTOR'),('S5341884F','pass001','Julia Takamaki','Julia.Takamaki62@gmail.com','26827249','Street EAQ, Unit 51','PATIENT'),('S5370995Q','pass001','Richard Kante','Richard.Kante88@gmail.com','05366507','Street KSD, Unit 34','PATIENT'),('S5403931D','pass001','Albert Brown','Albert.Brown34@gmail.com','30129174','Street QWH, Unit 96','PATIENT'),('S5439341W','pass001','Richard Salah','Richard.Salah90@gmail.com','45482577','Street UOT, Unit 14','ADMIN'),('S5501133C','pass001','Sarah Amamiya','Sarah.Amamiya43@gmail.com','01480484','Street GXU, Unit 15','PHARMACIST'),('S5554252B','pass001','Juan Dong','Juan.Dong62@gmail.com','18837712','Street YYH, Unit 64','PHARMACIST'),('S5573195J','pass001','Bruce Guzman','Bruce.Guzman29@gmail.com','23463325','Street NLV, Unit 63','ADMIN'),('S5679985K','pass001','Andy Johnson','Andy.Johnson90@gmail.com','67872731','Street AVV, Unit 82','PATIENT'),('S5687894G','pass001','Terry Jackson','Terry.Jackson70@gmail.com','02399771','Street TTJ, Unit 85','PHARMACIST'),('S5691821E','pass001','Jacob Alvarez','Jacob.Alvarez20@gmail.com','21810658','Street GWC, Unit 20','PHARMACIST'),('S5762024C','pass001','Mario Sakamoto','Mario.Sakamoto22@gmail.com','67841954','Street VKK, Unit 35','ADMIN'),('S5795150D','pass001','Johnny White','Johnny.White41@gmail.com','78151040','Street BXH, Unit 98','PHARMACIST'),('S5795759G','pass001','Luigi Joseph','Luigi.Joseph02@gmail.com','72507920','Street NMV, Unit 64','PATIENT'),('S5818186L','pass001','Michael Yao','Michael.Yao70@gmail.com','05865698','Street SWH, Unit 20','PATIENT'),('S5818541K','pass001','Mike Guzman','Mike.Guzman20@gmail.com','41109275','Street FLX, Unit 61','DOCTOR'),('S5824754I','pass001','Susan Omar','Susan.Omar80@gmail.com','25842708','Street UWW, Unit 09','DOCTOR'),('S5844807B','pass001','Richard Li','Richard.Li00@gmail.com','72751565','Street RAG, Unit 03','ADMIN'),('S5904349X','pass001','Johnny Ng','Johnny.Ng67@gmail.com','22423276','Street CDN, Unit 59','DOCTOR'),('S5918119X','pass001','Carl Qi','Carl.Qi50@gmail.com','65726545','Street KWK, Unit 04','ADMIN'),('S5946532Z','pass001','Susan Joseph','Susan.Joseph41@gmail.com','89017617','Street XLA, Unit 84','PHARMACIST'),('S5957613V','pass001','Joe Clark','Joe.Clark96@gmail.com','73897905','Street HHE, Unit 69','ADMIN'),('S5977134T','pass001','Jacob Williams','Jacob.Williams30@gmail.com','52025210','Street NBH, Unit 87','ADMIN'),('S5991873A','pass001','Andy Clark','Andy.Clark02@gmail.com','81237760','Street LFL, Unit 31','ADMIN'),('S5994870F','pass001','Hugo Yoshizawa','Hugo.Yoshizawa57@gmail.com','47234086','Street ZKX, Unit 33','DOCTOR'),('S5997669H','pass001','Juan Smith','Juan.Smith87@gmail.com','52565230','Street NTF, Unit 34','DOCTOR'),('S6007269F','pass001','Johnny Havertz','Johnny.Havertz07@gmail.com','29059829','Street HVV, Unit 65','ADMIN'),('S6034419Z','pass001','Michael Lee','Michael.Lee49@gmail.com','87801075','Street MON, Unit 75','ADMIN'),('S6048790A','pass001','Roger Morales','Roger.Morales63@gmail.com','24375338','Street IJP, Unit 36','ADMIN'),('S6075440P','pass001','Hugo Omar','Hugo.Omar92@gmail.com','30352330','Street WGB, Unit 79','ADMIN'),('S6085496S','pass001','Andy Ng','Andy.Ng30@gmail.com','07643100','Street VFT, Unit 59','PHARMACIST'),('S6137697X','pass001','Karen Amamiya','Karen.Amamiya87@gmail.com','45844335','Street WWS, Unit 04','PATIENT'),('S6145625T','pass001','Robert Roy','Robert.Roy62@gmail.com','39168775','Street ICR, Unit 62','ADMIN'),('S6147563W','pass001','Christian Kazuma','Christian.Kazuma68@gmail.com','16266965','Street UML, Unit 35','PATIENT'),('S6198840J','pass001','Flash Jackson','Flash.Jackson25@gmail.com','03889431','Street AXR, Unit 53','DOCTOR'),('S6214684D','pass001','Joe Johnson','Joe.Johnson86@gmail.com','56876522','Street OYZ, Unit 56','PATIENT'),('S6240173J','pass001','Matthew Musa','Matthew.Musa68@gmail.com','91998519','Street TRT, Unit 00','PHARMACIST'),('S6256556X','pass001','James Ren','James.Ren79@gmail.com','70141081','Street TMK, Unit 17','PATIENT'),('S6273340J','pass001','Adam Johnson','Adam.Johnson16@gmail.com','49938689','Street XSO, Unit 86','ADMIN'),('S6284403V','pass001','Joe Satoshi','Joe.Satoshi53@gmail.com','74935253','Street AEL, Unit 28','DOCTOR'),('S6284598H','pass001','Grace Yao','Grace.Yao08@gmail.com','68113699','Street GQF, Unit 34','PHARMACIST'),('S6341519J','pass001','Karen Cho','Karen.Cho23@gmail.com','01752685','Street FTS, Unit 63','PHARMACIST'),('S6344291T','pass001','Robert Brown','Robert.Brown79@gmail.com','25614403','Street MEW, Unit 72','PATIENT'),('S6348918U','pass001','Susan Guzman','Susan.Guzman68@gmail.com','74351104','Street PQQ, Unit 51','ADMIN'),('S6365510Y','pass001','Karen Takamaki','Karen.Takamaki81@gmail.com','05632126','Street CHS, Unit 20','DOCTOR'),('S6371092H','pass001','Grace Lee','Grace.Lee86@gmail.com','49664013','Street BZE, Unit 06','ADMIN'),('S6385546N','pass001','Jennifer Amamiya','Jennifer.Amamiya46@gmail.com','39620951','Street LKL, Unit 70','PHARMACIST'),('S6414928Y','pass001','Elijah Clark','Elijah.Clark56@gmail.com','77199273','Street LWM, Unit 40','PATIENT'),('S6431551D','pass001','Bruce Havertz','Bruce.Havertz55@gmail.com','09953113','Street CGE, Unit 91','PHARMACIST'),('S6457967U','pass001','Elizabeth Yang','Elizabeth.Yang31@gmail.com','51191859','Street OYE, Unit 59','ADMIN'),('S6501871X','pass001','Johnny Musa','Johnny.Musa13@gmail.com','75055123','Street ZJK, Unit 82','PATIENT'),('S6508672L','pass001','Karen Salah','Karen.Salah58@gmail.com','64248144','Street VPC, Unit 96','PATIENT'),('S6510473R','pass001','Sarah Satoshi','Sarah.Satoshi64@gmail.com','40448935','Street OFP, Unit 16','PATIENT'),('S6511024V','pass001','Hugo Sakamoto','Hugo.Sakamoto42@gmail.com','15731864','Street WDM, Unit 30','DOCTOR'),('S6517847B','pass001','Sarah Martin','Sarah.Martin01@gmail.com','56770165','Street ZZC, Unit 58','DOCTOR'),('S6539985G','pass001','Sarah Ng','Sarah.Ng38@gmail.com','47514976','Street ZLM, Unit 47','DOCTOR'),('S6572678T','pass001','Bill Williams','Bill.Williams36@gmail.com','48247633','Street ZZJ, Unit 67','PHARMACIST'),('S6578042C','pass001','Susan Silva','Susan.Silva19@gmail.com','65639992','Street PZY, Unit 35','DOCTOR'),('S6606544A','pass001','Ron Havertz','Ron.Havertz89@gmail.com','52226318','Street BOZ, Unit 73','DOCTOR'),('S6632043O','pass001','James Ng','James.Ng25@gmail.com','56832151','Street BKG, Unit 16','PHARMACIST'),('S6644511X','pass001','John Yang','John.Yang72@gmail.com','57836672','Street XRA, Unit 14','PHARMACIST'),('S6650871F','pass001','Flash Li','Flash.Li24@gmail.com','24584361','Street FWB, Unit 87','ADMIN'),('S6664227V','pass001','Albert Liu','Albert.Liu99@gmail.com','56877610','Street GBA, Unit 58','ADMIN'),('S6673774C','pass001','Carl Shang','Carl.Shang61@gmail.com','82108301','Street WBD, Unit 98','ADMIN'),('S6683868P','pass001','Bruce Williams','Bruce.Williams62@gmail.com','33297123','Street JAZ, Unit 11','PATIENT'),('S6693195N','pass001','Bryan Usman','Bryan.Usman09@gmail.com','74286315','Street HJC, Unit 06','DOCTOR'),('S6716008U','pass001','Ron Kante','Ron.Kante01@gmail.com','00650288','Street KPR, Unit 67','DOCTOR'),('S6726521N','pass001','Thomas Tian','Thomas.Tian46@gmail.com','92479046','Street WUV, Unit 28','DOCTOR'),('S6728141K','pass001','Michael Shang','Michael.Shang41@gmail.com','60389787','Street HBV, Unit 32','ADMIN'),('S6760353W','pass001','Karen Morales','Karen.Morales63@gmail.com','38978696','Street XJF, Unit 90','PHARMACIST'),('S6768620L','pass001','Andy Kante','Andy.Kante44@gmail.com','15831764','Street UBU, Unit 85','DOCTOR'),('S6790019P','pass001','Mike Morales','Mike.Morales76@gmail.com','67960268','Street JQK, Unit 22','ADMIN'),('S6797171P','pass001','Ryan Jones','Ryan.Jones00@gmail.com','47676294','Street BSF, Unit 10','ADMIN'),('S6822389L','pass001','Hugo Silva','Hugo.Silva15@gmail.com','51778428','Street MGJ, Unit 89','PATIENT'),('S6829819R','pass001','Robert Ren','Robert.Ren40@gmail.com','97646682','Street OLQ, Unit 34','PATIENT'),('S6839253E','pass001','Jeff Tian','Jeff.Tian50@gmail.com','15527388','Street GCD, Unit 99','ADMIN'),('S6867018L','pass001','Joe Jackson','Joe.Jackson77@gmail.com','89930461','Street CES, Unit 20','PATIENT'),('S6879667J','pass001','Roger Martin','Roger.Martin67@gmail.com','62944560','Street ZTJ, Unit 52','DOCTOR'),('S6901403X','pass001','Karen Martin','Karen.Martin66@gmail.com','42041300','Street KCS, Unit 16','PATIENT'),('S6934627S','pass001','Jennifer Wang','Jennifer.Wang72@gmail.com','35152552','Street ERE, Unit 30','PATIENT'),('S6951268I','pass001','Matthew Roy','Matthew.Roy54@gmail.com','62147450','Street BEO, Unit 68','DOCTOR'),('S6951718Q','pass001','Jennifer Yi','Jennifer.Yi19@gmail.com','37988767','Street MEP, Unit 88','DOCTOR'),('S6968686L','pass001','Richard Sakamoto','Richard.Sakamoto85@gmail.com','26481920','Street DSV, Unit 73','ADMIN'),('S6982910K','pass001','Jason Musa','Jason.Musa45@gmail.com','32487565','Street MGU, Unit 45','PATIENT'),('S7061497K','pass001','Andy Amamiya','Andy.Amamiya38@gmail.com','16041300','Street BYZ, Unit 79','DOCTOR'),('S7080970K','pass001','Laura Dong','Laura.Dong30@gmail.com','03108768','Street QBE, Unit 02','PHARMACIST'),('S7082037O','pass001','Jacob Amamiya','Jacob.Amamiya65@gmail.com','91155441','Street JRL, Unit 26','PHARMACIST'),('S7086410W','pass001','Bill Santos','Bill.Santos46@gmail.com','11317371','Street LBO, Unit 88','ADMIN'),('S7099714Q','pass001','Albert Silva','Albert.Silva83@gmail.com','77177884','Street KLM, Unit 68','PHARMACIST'),('S7105818K','pass001','Andy Saleh','Andy.Saleh50@gmail.com','63355423','Street PEA, Unit 76','PATIENT'),('S7111545T','pass001','John Guzman','John.Guzman67@gmail.com','62880740','Street YUJ, Unit 51','PATIENT'),('S7132076W','pass001','Bryce Morales','Bryce.Morales08@gmail.com','27453974','Street PKL, Unit 90','ADMIN'),('S7145822M','pass001','Bruce Liu','Bruce.Liu86@gmail.com','93825462','Street AGD, Unit 13','ADMIN'),('S7164634O','pass001','Flash Kazuma','Flash.Kazuma66@gmail.com','85900188','Street QNN, Unit 24','ADMIN'),('S7198098H','pass001','Elijah Niijima','Elijah.Niijima15@gmail.com','21671290','Street GPF, Unit 93','PHARMACIST'),('S7217682X','pass001','Kayla Saleh','Kayla.Saleh31@gmail.com','20038975','Street IVG, Unit 17','ADMIN'),('S7257798A','pass001','Bryce Kante','Bryce.Kante84@gmail.com','32234794','Street GTN, Unit 98','PATIENT'),('S7266158Z','pass001','Albert Yao','Albert.Yao14@gmail.com','77696832','Street CXV, Unit 62','ADMIN'),('S7305262I','pass001','Matthew Sakamoto','Matthew.Sakamoto07@gmail.com','10037848','Street TEO, Unit 20','PATIENT'),('S7333321S','pass001','Bob Lee','Bob.Lee43@gmail.com','16857193','Street DDR, Unit 75','PATIENT'),('S7335148Q','pass001','Lawrence Cho','Lawrence.Cho68@gmail.com','00649089','Street CKU, Unit 50','PHARMACIST'),('S7346656M','pass001','Mary Takamaki','Mary.Takamaki87@gmail.com','74430448','Street TFX, Unit 25','PATIENT'),('S7354936L','pass001','Thomas Usman','Thomas.Usman20@gmail.com','43726457','Street OBI, Unit 63','DOCTOR'),('S7363487W','pass001','Rebecca Cho','Rebecca.Cho02@gmail.com','70285010','Street NWL, Unit 68','PHARMACIST'),('S7367157Z','pass001','Bryan Omar','Bryan.Omar87@gmail.com','41256163','Street KWU, Unit 60','PHARMACIST'),('S7377122D','pass001','Mike Kazuma','Mike.Kazuma61@gmail.com','15731232','Street MAD, Unit 78','ADMIN'),('S7420181P','pass001','Carl Dong','Carl.Dong98@gmail.com','97679345','Street GOA, Unit 44','ADMIN'),('S7430341U','pass001','Andy Havertz','Andy.Havertz70@gmail.com','49724389','Street WIZ, Unit 54','DOCTOR'),('S7441066M','pass001','Thomas Niijima','Thomas.Niijima02@gmail.com','51627432','Street BAB, Unit 05','DOCTOR'),('S7469346K','pass001','Elizabeth Lee','Elizabeth.Lee06@gmail.com','95295006','Street KUB, Unit 93','PHARMACIST'),('S7469729U','pass001','Robert Yang','Robert.Yang73@gmail.com','06026263','Street ELL, Unit 86','PHARMACIST'),('S7484402T','pass001','Joe Wang','Joe.Wang89@gmail.com','38929589','Street EZZ, Unit 87','DOCTOR'),('S7537721S','pass001','Kayla Ng','Kayla.Ng08@gmail.com','37315814','Street YHH, Unit 50','ADMIN'),('S7566407U','pass001','Hugo Wang','Hugo.Wang42@gmail.com','55095048','Street QMA, Unit 16','PATIENT'),('S7575477Y','pass001','Richard Smith','Richard.Smith67@gmail.com','14128156','Street HED, Unit 72','ADMIN'),('S7575694C','pass001','Luigi Musa','Luigi.Musa99@gmail.com','30284479','Street VKS, Unit 51','PATIENT'),('S7576398B','pass001','Kayla Jones','Kayla.Jones40@gmail.com','92057235','Street RDT, Unit 25','DOCTOR'),('S7624753C','pass001','Adam Williams','Adam.Williams54@gmail.com','45475580','Street KXY, Unit 27','DOCTOR'),('S7629793W','pass001','Bob Williams','Bob.Williams28@gmail.com','17259363','Street VBT, Unit 94','DOCTOR'),('S7638432Q','pass001','James Liu','James.Liu33@gmail.com','47586286','Street MPH, Unit 56','PHARMACIST'),('S7666704O','pass001','Mary Qi','Mary.Qi54@gmail.com','30344057','Street STU, Unit 97','PHARMACIST'),('S7682085X','pass001','Jason Jones','Jason.Jones55@gmail.com','89698948','Street FCK, Unit 71','ADMIN'),('S7686491F','pass001','Mike Alvarez','Mike.Alvarez86@gmail.com','89509699','Street RBO, Unit 78','ADMIN'),('S7686754W','pass001','Matthew Yang','Matthew.Yang63@gmail.com','81090356','Street GTH, Unit 44','DOCTOR'),('S7702274G','pass001','Grace Ren','Grace.Ren15@gmail.com','31143034','Street ZXI, Unit 14','PATIENT'),('S7732452T','pass001','Andy Chen','Andy.Chen41@gmail.com','23873095','Street SAK, Unit 20','PHARMACIST'),('S7773803V','pass001','Elizabeth Ansari','Elizabeth.Ansari90@gmail.com','00250862','Street FKE, Unit 38','DOCTOR'),('S7776683K','pass001','Mario Ng','Mario.Ng53@gmail.com','58427381','Street DOO, Unit 56','DOCTOR'),('S7791334Q','pass001','Thomas Liu','Thomas.Liu65@gmail.com','38530956','Street YHQ, Unit 79','DOCTOR'),('S7806160C','pass001','Karen Ansari','Karen.Ansari25@gmail.com','86015858','Street PEG, Unit 81','DOCTOR'),('S7828339R','pass001','Jeff Morales','Jeff.Morales50@gmail.com','78500888','Street ZUJ, Unit 18','DOCTOR'),('S7830849C','pass001','Laura Yoshizawa','Laura.Yoshizawa77@gmail.com','75628849','Street KNR, Unit 38','PHARMACIST'),('S7864376H','pass001','Laura Silva','Laura.Silva93@gmail.com','77739619','Street PZW, Unit 22','PHARMACIST'),('S7896278K','pass001','Grace Qi','Grace.Qi19@gmail.com','44676353','Street TXY, Unit 56','DOCTOR'),('S7916992A','pass001','Terry Willems','Terry.Willems29@gmail.com','65785684','Street PZM, Unit 81','PHARMACIST'),('S7924474Q','pass001','Hugo Jones','Hugo.Jones33@gmail.com','64122203','Street RNW, Unit 60','PATIENT'),('S7950873L','pass001','Richard Clark','Richard.Clark48@gmail.com','58723109','Street GDO, Unit 90','ADMIN'),('S7969512L','pass001','Joe Joseph','Joe.Joseph31@gmail.com','17682870','Street DVO, Unit 69','DOCTOR'),('S8054034W','pass001','Bob Sakamoto','Bob.Sakamoto83@gmail.com','94494040','Street OYT, Unit 95','ADMIN'),('S8079137F','pass001','Alexis Morales','Alexis.Morales85@gmail.com','59877379','Street IKW, Unit 61','DOCTOR'),('S8088253S','pass001','Richard Cho','Richard.Cho03@gmail.com','08470496','Street UUA, Unit 40','ADMIN'),('S8099981I','pass001','Matthew Yao','Matthew.Yao57@gmail.com','63003657','Street UCX, Unit 99','PATIENT'),('S8111809E','pass001','Elizabeth Kazuma','Elizabeth.Kazuma77@gmail.com','55504225','Street UYM, Unit 70','DOCTOR'),('S8131027F','pass001','Bryan Guzman','Bryan.Guzman37@gmail.com','94310580','Street QKG, Unit 39','PATIENT'),('S8142785R','pass001','Richard Willems','Richard.Willems20@gmail.com','01465423','Street KRC, Unit 06','PHARMACIST'),('S8193686H','pass001','Flash Roy','Flash.Roy86@gmail.com','28425279','Street HSV, Unit 10','PHARMACIST'),('S8197405D','pass001','Michael Jackson','Michael.Jackson01@gmail.com','41217657','Street XYS, Unit 13','PATIENT'),('S8262787Y','pass001','Roger Yao','Roger.Yao10@gmail.com','47939295','Street KVG, Unit 22','PHARMACIST'),('S8323149G','pass001','Albert Usman','Albert.Usman41@gmail.com','17021035','Street OGL, Unit 26','PHARMACIST'),('S8337481V','pass001','Mary Joseph','Mary.Joseph33@gmail.com','75747629','Street UUB, Unit 50','DOCTOR'),('S8343669O','pass001','Julia Usman','Julia.Usman16@gmail.com','65514640','Street LMX, Unit 12','ADMIN'),('S8372095Y','pass001','James Clark','James.Clark34@gmail.com','54201429','Street MVJ, Unit 71','ADMIN'),('S8397425C','pass001','Bryce Santos','Bryce.Santos98@gmail.com','88103276','Street OJG, Unit 94','PATIENT'),('S8405644P','pass001','Terry Morales','Terry.Morales02@gmail.com','32294551','Street LXM, Unit 92','PATIENT'),('S8406041S','pass001','Jeff Kante','Jeff.Kante23@gmail.com','13188414','Street NDR, Unit 16','PHARMACIST'),('S8449241U','pass001','Elizabeth Tian','Elizabeth.Tian18@gmail.com','29465952','Street JOB, Unit 68','DOCTOR'),('S8483377Z','pass001','Mario Clark','Mario.Clark42@gmail.com','19429944','Street RFE, Unit 23','ADMIN'),('S8491961W','pass001','Grace Brown','Grace.Brown61@gmail.com','33855141','Street VLJ, Unit 35','ADMIN'),('S8502041F','pass001','Mary Smith','Mary.Smith52@gmail.com','84978291','Street MFW, Unit 60','ADMIN'),('S8509288J','pass001','Jennifer Tian','Jennifer.Tian80@gmail.com','33123825','Street NCB, Unit 43','ADMIN'),('S8547344H','pass001','Jessica Omar','Jessica.Omar21@gmail.com','62597241','Street TMG, Unit 51','DOCTOR'),('S8564551F','pass001','Barry Kazuya','Barry.Kazuya78@gmail.com','80523000','Street ESY, Unit 22','DOCTOR'),('S8583578M','pass001','Ron Ng','Ron.Ng22@gmail.com','30055212','Street QWV, Unit 84','PATIENT'),('S8587645T','pass001','Mario Salah','Mario.Salah90@gmail.com','61499844','Street VCS, Unit 09','DOCTOR'),('S8655633X','pass001','Luigi Satoshi','Luigi.Satoshi76@gmail.com','92879849','Street RPO, Unit 83','PHARMACIST'),('S8670341O','pass001','Albert Johnson','Albert.Johnson61@gmail.com','03781108','Street RHH, Unit 99','DOCTOR'),('S8673335G','pass001','Richard Yi','Richard.Yi00@gmail.com','31186862','Street YCB, Unit 13','DOCTOR'),('S8677011Q','pass001','Susan White','Susan.White13@gmail.com','50251069','Street GKV, Unit 48','PATIENT'),('S8677448C','pass001','Karen Qi','Karen.Qi59@gmail.com','85727337','Street HXM, Unit 77','PATIENT'),('S8678985K','pass001','Lawrence Qi','Lawrence.Qi03@gmail.com','15239753','Street GYM, Unit 86','DOCTOR'),('S8685498N','pass001','Albert Shang','Albert.Shang58@gmail.com','87554564','Street ACY, Unit 22','PATIENT'),('S8708329G','pass001','Robert Kazuma','Robert.Kazuma73@gmail.com','94245508','Street PMH, Unit 56','ADMIN'),('S8710942P','pass001','Bruce Takamaki','Bruce.Takamaki72@gmail.com','68275826','Street LRH, Unit 12','DOCTOR'),('S8716892Y','pass001','Roger Lee','Roger.Lee85@gmail.com','19398335','Street PAP, Unit 21','ADMIN'),('S8724752S','pass001','Laura Jackson','Laura.Jackson04@gmail.com','47319392','Street BED, Unit 86','PATIENT'),('S8727318Z','pass001','Ron Morales','Ron.Morales74@gmail.com','51383297','Street YTB, Unit 62','ADMIN'),('S8731866H','pass001','Ron Qi','Ron.Qi74@gmail.com','51703064','Street FMD, Unit 34','DOCTOR'),('S8760509D','pass001','Jennifer Alvarez','Jennifer.Alvarez17@gmail.com','30860496','Street DZN, Unit 78','PATIENT'),('S8767387R','pass001','Juan White','Juan.White54@gmail.com','21051149','Street HQA, Unit 91','PATIENT'),('S8775916Q','pass001','Bruce Musa','Bruce.Musa01@gmail.com','68923892','Street NKN, Unit 86','DOCTOR'),('S8782765T','pass001','Ron Yang','Ron.Yang70@gmail.com','53266737','Street QDM, Unit 22','DOCTOR'),('S8828480Y','pass001','Laura White','Laura.White19@gmail.com','61802436','Street WXO, Unit 32','PHARMACIST'),('S8831031L','pass001','Johnny Ansari','Johnny.Ansari21@gmail.com','57997047','Street AXP, Unit 50','DOCTOR'),('S8846661H','pass001','Bob Jackson','Bob.Jackson29@gmail.com','21446865','Street LJI, Unit 53','PHARMACIST'),('S8892812A','pass001','Barry Li','Barry.Li45@gmail.com','36628599','Street TBI, Unit 89','DOCTOR'),('S8920084X','pass001','Julie Qi','Julie.Qi70@gmail.com','30711195','Street ERQ, Unit 40','ADMIN'),('S8947390H','pass001','James Qi','James.Qi43@gmail.com','34887499','Street JYD, Unit 04','DOCTOR'),('S8969407A','pass001','Elizabeth Ren','Elizabeth.Ren13@gmail.com','79149085','Street GYQ, Unit 77','PHARMACIST'),('S9025043M','pass001','Jacob Ren','Jacob.Ren81@gmail.com','95272305','Street MXV, Unit 71','PATIENT'),('S9038195W','pass001','Matthew Silva','Matthew.Silva54@gmail.com','81833675','Street RBZ, Unit 07','PATIENT'),('S9057996Q','pass001','Elijah Shang','Elijah.Shang55@gmail.com','36270662','Street MLP, Unit 02','ADMIN'),('S9063725N','pass001','Mike Qi','Mike.Qi68@gmail.com','57424417','Street WWE, Unit 57','PATIENT'),('S9086171T','pass001','Joe Dong','Joe.Dong53@gmail.com','65922822','Street AEY, Unit 63','DOCTOR'),('S9102462O','pass001','Mary Ng','Mary.Ng59@gmail.com','84281570','Street POW, Unit 69','ADMIN'),('S9172254W','pass001','Laura Havertz','Laura.Havertz12@gmail.com','11930110','Street QYJ, Unit 08','PATIENT'),('S9218966S','pass001','Jacob Brown','Jacob.Brown25@gmail.com','26436187','Street AYL, Unit 04','PATIENT'),('S9228954C','pass001','Kayla Usman','Kayla.Usman01@gmail.com','74333831','Street FQS, Unit 39','DOCTOR'),('S9229286N','pass001','Mary Jones','Mary.Jones58@gmail.com','32362010','Street DCH, Unit 36','PHARMACIST'),('S9253860A','pass001','Terry Santos','Terry.Santos95@gmail.com','96553586','Street ZVN, Unit 83','PHARMACIST'),('S9259360N','pass001','Jennifer Yao','Jennifer.Yao44@gmail.com','56210047','Street VXM, Unit 06','PATIENT'),('S9273203M','pass001','Flash Yang','Flash.Yang65@gmail.com','11660495','Street VTF, Unit 36','ADMIN'),('S9292935Z','pass001','Johnny Yao','Johnny.Yao41@gmail.com','53933443','Street EYK, Unit 42','ADMIN'),('S9306926D','pass001','Mike Johnson','Mike.Johnson15@gmail.com','91102357','Street DGL, Unit 91','PHARMACIST'),('S9313562G','pass001','Flash Dong','Flash.Dong20@gmail.com','38193142','Street AQY, Unit 98','ADMIN'),('S9337822I','pass001','Julie Willems','Julie.Willems76@gmail.com','91043530','Street PNW, Unit 28','PHARMACIST'),('S9356799Z','pass001','Karen Jones','Karen.Jones50@gmail.com','56413438','Street NZQ, Unit 07','ADMIN'),('S9362007O','pass001','Susan Alvarez','Susan.Alvarez82@gmail.com','60432951','Street RLS, Unit 69','PHARMACIST'),('S9369584C','pass001','Jessica White','Jessica.White72@gmail.com','76142160','Street WYT, Unit 10','DOCTOR'),('S9388731P','pass001','Grace Yi','Grace.Yi04@gmail.com','90070837','Street HCY, Unit 72','PHARMACIST'),('S9399955S','pass001','Mike Usman','Mike.Usman40@gmail.com','68012142','Street ISA, Unit 79','ADMIN'),('S9421820G','pass001','Sarah Roy','Sarah.Roy33@gmail.com','58411855','Street JJL, Unit 97','ADMIN'),('S9432747P','pass001','Jeff Dong','Jeff.Dong76@gmail.com','65611451','Street INE, Unit 65','PATIENT'),('S9441401Z','pass001','Roger Tian','Roger.Tian38@gmail.com','67153670','Street ULK, Unit 36','DOCTOR'),('S9470908E','pass001','Susan Morales','Susan.Morales52@gmail.com','54351812','Street TCX, Unit 21','ADMIN'),('S9482372I','pass001','Bryan Wang','Bryan.Wang64@gmail.com','71542304','Street PKY, Unit 06','DOCTOR'),('S9491921R','pass001','Barry Sakamoto','Barry.Sakamoto39@gmail.com','89714699','Street NCC, Unit 66','ADMIN'),('S9497545P','pass001','Mike Niijima','Mike.Niijima30@gmail.com','77871725','Street VKL, Unit 37','DOCTOR'),('S9502277U','pass001','Carl Brown','Carl.Brown88@gmail.com','72043635','Street RFM, Unit 35','PHARMACIST'),('S9506407F','pass001','Bill Li','Bill.Li55@gmail.com','84372020','Street TBU, Unit 30','ADMIN'),('S9518295Z','pass001','Sarah Cho','Sarah.Cho70@gmail.com','09236498','Street XQU, Unit 05','PHARMACIST'),('S9526701H','pass001','Andy Qi','Andy.Qi05@gmail.com','62772202','Street SUM, Unit 92','DOCTOR'),('S9554567R','pass001','Joe Musa','Joe.Musa39@gmail.com','37783706','Street GHR, Unit 27','DOCTOR'),('S9554925Y','pass001','Lawrence Liu','Lawrence.Liu09@gmail.com','24288068','Street XTN, Unit 12','DOCTOR'),('S9566733I','pass001','Johnny Silva','Johnny.Silva01@gmail.com','22462311','Street LSW, Unit 65','DOCTOR'),('S9570226M','pass001','Alexis Johnson','Alexis.Johnson44@gmail.com','29061813','Street SMC, Unit 97','ADMIN'),('S9581614M','pass001','Bryce Ng','Bryce.Ng54@gmail.com','80579757','Street PHD, Unit 99','PATIENT'),('S9589426V','pass001','Julie Kazuya','Julie.Kazuya29@gmail.com','91986692','Street ETH, Unit 80','ADMIN'),('S9638666J','pass001','Hugo Roy','Hugo.Roy08@gmail.com','40240070','Street VCH, Unit 04','PHARMACIST'),('S9670964J','pass001','Mike Williams','Mike.Williams96@gmail.com','37787013','Street MLH, Unit 77','PATIENT'),('S9675420V','pass001','Julie Williams','Julie.Williams85@gmail.com','69821445','Street CUP, Unit 70','PATIENT'),('S9722201A','pass001','Sarah Johnson','Sarah.Johnson61@gmail.com','95456512','Street KWS, Unit 63','PHARMACIST'),('S9726899E','pass001','Mario Willems','Mario.Willems43@gmail.com','60496856','Street XQF, Unit 19','PHARMACIST'),('S9747205G','pass001','Joe Willems','Joe.Willems08@gmail.com','56192176','Street LAC, Unit 55','PATIENT'),('S9756534A','pass001','James Guzman','James.Guzman44@gmail.com','85249256','Street ACJ, Unit 01','PATIENT'),('S9779987C','pass001','Susan Satoshi','Susan.Satoshi59@gmail.com','94212601','Street KDP, Unit 55','PATIENT'),('S9799178U','pass001','Christian Ng','Christian.Ng69@gmail.com','37297957','Street RGM, Unit 99','PHARMACIST'),('S9823901Y','pass001','Robert Silva','Robert.Silva02@gmail.com','47245191','Street DKS, Unit 33','DOCTOR'),('S9899222F','pass001','Elizabeth Kante','Elizabeth.Kante21@gmail.com','07867912','Street BKY, Unit 07','PATIENT'),('S9918457K','pass001','Michael Havertz','Michael.Havertz77@gmail.com','04914431','Street MJR, Unit 86','ADMIN'),('S9940163N','pass001','Bryan Castro','Bryan.Castro39@gmail.com','39233274','Street XSI, Unit 35','DOCTOR');
/*!40000 ALTER TABLE `USER` ENABLE KEYS */;
UNLOCK TABLES;
/*!40103 SET TIME_ZONE=@OLD_TIME_ZONE */;

/*!40101 SET SQL_MODE=@OLD_SQL_MODE */;
/*!40014 SET FOREIGN_KEY_CHECKS=@OLD_FOREIGN_KEY_CHECKS */;
/*!40014 SET UNIQUE_CHECKS=@OLD_UNIQUE_CHECKS */;
/*!40101 SET CHARACTER_SET_CLIENT=@OLD_CHARACTER_SET_CLIENT */;
/*!40101 SET CHARACTER_SET_RESULTS=@OLD_CHARACTER_SET_RESULTS */;
/*!40101 SET COLLATION_CONNECTION=@OLD_COLLATION_CONNECTION */;
/*!40111 SET SQL_NOTES=@OLD_SQL_NOTES */;

-- Dump completed on 2021-11-16  0:04:01
